"fit","se.fit","accel","times"
6.31066258643988,8.11090493650718,0,2
6.2793596073449,7.96034102401016,0,2.05605605605606
6.24805662824992,7.81213267376666,0,2.11211211211211
6.21675364915494,7.66641650127603,0,2.16816816816817
6.18545067005995,7.52333731757744,0,2.22422422422422
6.15414769096497,7.38304843418897,0,2.28028028028028
6.12284471186999,7.24571192731385,0,2.33633633633634
6.09156375245646,7.11170990202408,0,2.39239239239239
6.06034815010558,6.9814929145193,0,2.44844844844845
6.02920726878278,6.85508220732077,0,2.5045045045045
5.99814980912081,6.73249414725885,0,2.56056056056056
5.96718447175238,6.61374710276159,0,2.61661661661662
5.93631995731018,6.4988609616744,0,2.67267267267267
5.90556496642693,6.38785660215696,0,2.72872872872873
5.87492819973535,6.28075531712555,0,2.78478478478478
5.84441835786814,6.17757819368909,0,2.84084084084084
5.81404414145801,6.07834545016008,0,2.8968968968969
5.78381425113767,5.98307573449831,0,2.95295295295295
5.75373738753984,5.89178538944161,0,3.00900900900901
5.72382225129722,5.80448769106113,0,3.06506506506507
5.69407754304253,5.72119206900225,0,3.12112112112112
5.66451196340847,5.64190331817746,0,3.17717717717718
5.63513421302776,5.5666208130954,0,3.23323323323323
5.6059529925331,5.49533773726193,0,3.28928928928929
5.57697700255721,5.42804034109283,0,3.34534534534535
5.54821494373281,5.36470724244969,0,3.4014014014014
5.51967551669258,5.30530878417629,0,3.45745745745746
5.49136742206926,5.2498064628078,0,3.51351351351351
5.46329936049555,5.19815244190821,0,3.56956956956957
5.43548003260415,5.15028916224397,0,3.62562562562563
5.40791813902779,5.10614905923822,0,3.68168168168168
5.38062238039917,5.06565439591587,0,3.73773773773774
5.353601457351,5.02871721692318,0,3.79379379379379
5.32686407051599,4.99523942629364,0,3.84984984984985
5.30041892052686,4.96511298856411,0,3.90590590590591
5.27427470801631,4.93822024976439,0,3.96196196196196
5.24844013361705,4.91443437185596,0,4.01801801801802
5.2229238979618,4.89361987152124,0,4.07407407407407
5.19773470168327,4.87563325192364,0,4.13013013013013
5.17288124541416,4.86032371426788,0,4.18618618618619
5.14837222978718,4.84753393475113,0,4.24224224224224
5.12421635543505,4.83710089183889,0,4.2982982982983
5.10042232299048,4.82885672871739,0,4.35435435435435
5.07699883308618,4.82262963623074,0,4.41041041041041
5.05395458635486,4.81824474254214,0,4.46646646646647
5.03129828342923,4.81552499708225,0,4.52252252252252
5.00903862494199,4.81429203797161,0,4.57857857857858
4.98718431152587,4.81436703393059,0,4.63463463463463
4.96574404381357,4.81557149362699,0,4.69069069069069
4.9447265224378,4.81772803737245,0,4.74674674674675
4.92414044803127,4.82066112799277,0,4.8028028028028
4.90399452122669,4.82419775950576,0,4.85885885885886
4.88429744265678,4.82816810390232,0,4.91491491491491
4.86505791295424,4.83240611781432,0,4.97097097097097
4.84628463275178,4.83675011215507,0,5.02702702702703
4.82798630268212,4.8410432889323,0,5.08308308308308
4.81017162337797,4.84513425036974,0,5.13913913913914
4.79284929547203,4.84887748624628,0,5.1951951951952
4.77602801959702,4.85213384599264,0,5.25125125125125
4.75971649638564,4.85477100259788,0,5.30730730730731
4.74392342647062,4.85666391579619,0,5.36336336336336
4.72865751048465,4.85769530235211,0,5.41941941941942
4.71392744906045,4.85775612156195,0,5.47547547547548
4.69974194283073,4.85674608435941,0,5.53153153153153
4.6861096924282,4.85457419467035,0,5.58758758758759
4.67304022323664,4.8511685338719,0,5.64364364364364
4.66054900277032,4.84653362675324,0,5.6996996996997
4.64865410299982,4.84071234669549,0,5.75575575575576
4.63737360697163,4.83375593366052,0,5.81181181181181
4.62672559773223,4.82572294225779,0,5.86786786786787
4.61672815832814,4.81667836650976,0,5.92392392392392
4.60739937180585,4.80669281091105,0,5.97997997997998
4.59875732121186,4.795841701697,0,6.03603603603604
4.59082008959266,4.7842045327955,0,6.09209209209209
4.58360575999477,4.77186414152567,0,6.14814814814815
4.57713241546465,4.75890600972118,0,6.2042042042042
4.57141813904884,4.74541758658877,0,6.26026026026026
4.56648101379381,4.73148763025918,0,6.31631631631632
4.56233912274606,4.71720556564627,0,6.37237237237237
4.5590105489521,4.70266085689505,0,6.42842842842843
4.55651337545842,4.68794239336849,0,6.48448448448448
4.55486568531153,4.67313788878943,0,6.54054054054054
4.5540855615579,4.65833329381178,0,6.5965965965966
4.55419108724406,4.64361222293675,0,6.65265265265265
4.55520034541649,4.62905539730438,0,6.70870870870871
4.55713141912169,4.61474010546787,0,6.76476476476476
4.56000239140616,4.60073968478623,0,6.82082082082082
4.5638313453164,4.58712302653523,0,6.87687687687688
4.56863636389891,4.57395410822694,0,6.93293293293293
4.57443553020017,4.56129155692901,0,6.98898898898899
4.5812469272667,4.54918824757774,0,7.04504504504505
4.589088638145,4.53769094037285,0,7.1011011011011
4.59797874588154,4.52683996132132,0,7.15715715715716
4.60793533352285,4.51666892986012,0,7.21321321321321
4.61897648411541,4.50720453723335,0,7.26926926926927
4.63112028070571,4.49846637893572,0,7.32532532532533
4.64438480634028,4.49046684406949,0,7.38138138138138
4.65878814406558,4.48321106391306,0,7.43743743743744
4.67434837692813,4.47669692138259,0,7.49349349349349
4.69108358797442,4.47091512240748,0,7.54954954954955
4.70901186025096,4.4658493295582,0,7.60560560560561
4.72815127680424,4.46147635758879,0,7.66166166166166
4.74851992068075,4.45776642990979,0,7.71771771771772
4.770135874927,4.45468349441594,0,7.77377377377377
4.79301722258948,4.45218559657948,0,7.82982982982983
4.81718204671469,4.45022530730161,0,7.88588588588589
4.84264843034913,4.44875020270893,0,7.94194194194194
4.8694344565393,4.44770339289714,0,7.997997997998
4.8975582083317,4.44702409656817,0,8.05405405405405
4.92703776877282,4.44664825857993,0,8.11011011011011
4.95789122090916,4.44650920762709,0,8.16616616616617
4.99013664778722,4.4465383515889,0,8.22222222222222
5.02379213245349,4.44666590850687,0,8.27827827827828
5.05887575795448,4.44682167167612,0,8.33433433433433
5.09540560733668,4.44693580793517,0,8.39039039039039
5.1333997636466,4.44693968890215,0,8.44644644644645
5.17287630993073,4.44676675561247,0,8.5025025025025
5.21385332923556,4.44635341774481,0,8.55855855855856
5.25634890460759,4.44563998935775,0,8.61461461461461
5.30038111909333,4.44457166377718,0,8.67067067067067
5.34596805573927,4.44309953095045,0,8.72672672672673
5.39312779759191,4.44118164119035,0,8.78278278278278
5.44187842769774,4.43878411973923,0,8.83883883883884
5.49222628229541,4.43588973837717,0,8.89489489489489
5.54408102149213,4.43255164962228,0,8.95095095095095
5.5973047915745,4.42886006564627,0,9.00700700700701
5.65175940893123,4.42491079839114,0,9.06306306306306
5.70730668995111,4.4208037885384,0,9.11911911911912
5.76380845102285,4.41664187824287,0,9.17517517517518
5.82112650853521,4.41252961424142,0,9.23123123123123
5.87912267887693,4.40857207905587,0,9.28728728728729
5.93765877843675,4.40487374952966,0,9.34334334334334
5.99659662360343,4.40153738345347,0,9.3993993993994
6.05579803076569,4.39866293650566,0,9.45545545545546
6.11512481631229,4.39634651311649,0,9.51151151151151
6.17443879663198,4.39467935611705,0,9.56756756756757
6.2336017881135,4.39374688110829,0,9.62362362362362
6.29247560714558,4.39362776234,0,9.67967967967968
6.35092207011699,4.39439307748414,0,9.73573573573574
6.40880299341644,4.39610551898873,0,9.79179179179179
6.46598019343272,4.39881867968519,0,9.84784784784785
6.52231548655453,4.40257641998225,0,9.9039039039039
6.57767068917064,4.40741232331648,0,9.95995995995996
6.63190761766979,4.41334924556299,0,10.016016016016
6.68488808844072,4.42039896287156,0,10.0720720720721
6.73647391787217,4.42856192093402,0,10.1281281281281
6.78652692235291,4.4378270870652,0,10.1841841841842
6.83490891827165,4.44817190476366,0,10.2402402402402
6.88148172201716,4.45956234868029,0,10.2962962962963
6.92610714997816,4.4719530762387,0,10.3523523523524
6.96864701854343,4.48528767058851,0,10.4084084084084
7.00896314410168,4.49949896819426,0,10.4644644644645
7.04691734304167,4.51450946321734,0,10.5205205205205
7.08237143175214,4.5302317799731,0,10.5765765765766
7.11518722662184,4.54656920416094,0,10.6326326326326
7.14522654403951,4.5634162632778,0,10.6886886886887
7.1723512003939,4.58065934662826,0,10.7447447447447
7.19642301207375,4.59817735561587,0,10.8008008008008
7.2173037954678,4.61584237551309,0,10.8568568568569
7.23485536696481,4.63352036062363,0,10.9129129129129
7.2489395429535,4.65107182563187,0,10.968968968969
7.25941813982264,4.66835253693923,0,11.025025025025
7.26615297396095,4.68521419887681,0,11.0810810810811
7.26900586175718,4.70150513082293,0,11.1371371371371
7.26783861960011,4.71707093241231,0,11.1931931931932
7.26251306387843,4.73175513517704,0,11.2492492492492
7.25289101098092,4.74539984009089,0,11.3053053053053
7.23883427729632,4.7578463415867,0,11.3613613613614
7.22020467921336,4.76893573967979,0,11.4174174174174
7.19686403312081,4.77850954285919,0,11.4734734734735
7.16867415540737,4.78641026541415,0,11.5295295295295
7.13549686246183,4.79248202385897,0,11.5855855855856
7.09719397067292,4.79657113812549,0,11.6416416416416
7.05362729642937,4.79852674423424,0,11.6976976976977
7.00465865611994,4.79820142626255,0,11.7537537537538
6.95014986613338,4.79545187663572,0,11.8098098098098
6.88996274285842,4.79013959511667,0,11.8658658658659
6.82395910268381,4.78213163840754,0,11.9219219219219
6.75200076199828,4.77130143405633,0,11.977977977978
6.6739495371906,4.75752967444665,0,12.034034034034
6.5896672446495,4.74070530910789,0,12.0900900900901
6.49901696703212,4.72074021395489,0,12.1461461461461
6.40187374398465,4.69768465524731,0,12.2022022022022
6.29811919225354,4.67166955312746,0,12.2582582582583
6.18763499682904,4.64283595657097,0,12.3143143143143
6.07030284270136,4.61133352702721,0,12.3703703703704
5.94600441486069,4.57731983567923,0,12.4264264264264
5.81462139829726,4.54095972871336,0,12.4824824824825
5.67603547800128,4.50242474695848,0,12.5385385385385
5.53012833896295,4.46189258712729,0,12.5945945945946
5.3767816661725,4.41954659253896,0,12.6506506506507
5.21587714462015,4.37557526165634,0,12.7067067067067
5.04729645929608,4.33017176306646,0,12.7627627627628
4.87092129519052,4.28353344570625,0,12.8188188188188
4.68663333729369,4.23586133323054,0,12.8748748748749
4.4943142705958,4.18735959148201,0,12.9309309309309
4.29384578008705,4.13823495811148,0,12.986986986987
4.08510955075766,4.08869612357422,0,13.043043043043
3.86798726759786,4.03895305306912,0,13.0990990990991
3.64236061559783,3.98921623957514,0,13.1551551551552
3.40811127974781,3.93969587906406,0,13.2112112112112
3.165120945038,3.8906009603246,0,13.2672672672673
2.9132712964586,3.84213826371501,0,13.3233233233233
2.65244401899985,3.79451126565204,0,13.3793793793794
2.38252079765195,3.74791894881153,0,13.4354354354354
2.10338331740511,3.70255452189094,0,13.4914914914915
1.81491326324954,3.65860405735574,0,13.5475475475475
1.51699232017546,3.61624506078626,0,13.6036036036036
1.20950217317308,3.57564499111132,0,13.6596596596597
0.892324507232619,3.53695975693193,0,13.7157157157157
0.565341007344274,3.5003322199896,0,13.7717717717718
0.228433358498261,3.46589074223089,0,13.8278278278278
-0.1185167543152,3.43374781742426,0,13.8838838838839
-0.475627646105887,3.403998831435,0,13.9399399399399
-0.843017631883608,3.37672099662818,0,13.995995995996
-1.22080502665813,3.35197250509522,0,14.0520520520521
-1.60910814543927,3.32979194226967,0,14.1081081081081
-2.00804530323679,3.31019799697731,0,14.1641641641642
-2.41773481506048,3.29318949622965,0,14.2202202202202
-2.83829499592013,3.2787457835104,0,14.2762762762763
-3.26984416082554,3.26682744850611,0,14.3323323323323
-3.71250062478649,3.25737740491877,0,14.3883883883884
-4.16638270281275,3.25032230196264,0,14.4444444444444
-4.63160870991413,3.24557424515998,0,14.5005005005005
-5.1082969611004,3.24303279378088,0,14.5565565565566
-5.59656577138136,3.24258719621497,0,14.6126126126126
-6.09653345576682,3.24411882099442,0,14.6686686686687
-6.60831832926651,3.24750374014852,0,14.7247247247247
-7.13203870689026,3.25261542288204,0,14.7807807807808
-7.66781290364784,3.25932750086743,0,14.8368368368368
-8.21575923454907,3.26751657123226,0,14.8928928928929
-8.77599601460368,3.2770650090425,0,14.9489489489489
-9.3486415588215,3.28786376714856,0,15.005005005005
-9.9338141822123,3.29981514712235,0,15.0610610610611
-10.5316321997859,3.31283553018144,0,15.1171171171171
-11.142213926552,3.3268580610574,0,15.1731731731732
-11.7656776775205,3.34183528039497,0,15.2292292292292
-12.4021417677011,3.35774170221809,0,15.2852852852853
-13.0517245121037,3.37457633209623,0,15.3413413413413
-13.7145252519215,3.39237183619612,0,15.3973973973974
-14.3904366446567,3.41125922136263,0,15.4534534534535
-15.0792243144414,3.43142684752991,0,15.5095095095095
-15.7806520344802,3.45306843958382,0,15.5655655655656
-16.4944835779775,3.47637795482777,0,15.6216216216216
-17.2204827181378,3.50154534719894,0,15.6776776776777
-17.9584132281656,3.52875258309115,0,15.7337337337337
-18.7080388812654,3.55816994952799,0,15.7897897897898
-19.4691234506417,3.58995269938393,0,15.8458458458458
-20.2414307094989,3.62423807864801,0,15.9019019019019
-21.0247244310415,3.66114277717093,0,15.957957957958
-21.8187683884742,3.70076083708446,0,16.014014014014
-22.6233263550011,3.74316204263381,0,16.0700700700701
-23.438162103827,3.78839080232533,0,16.1261261261261
-24.2630394081563,3.83646552009024,0,16.1821821821822
-25.0977220411935,3.88737843773477,0,16.2382382382382
-25.9419737761431,3.94109591740151,0,16.2942942942943
-26.7955583862094,3.99755912107921,0,16.3503503503504
-27.6582396445972,4.05668503510836,0,16.4064064064064
-28.5297813245107,4.11836778158102,0,16.4624624624625
-29.4099471991546,4.18248015566452,0,16.5185185185185
-30.2985010417333,4.24887532804337,0,16.5745745745746
-31.1952066254513,4.317388654499,0,16.6306306306306
-32.099827723513,4.38783953960472,0,16.6866866866867
-33.012128109123,4.46003330799888,0,16.7427427427427
-33.9318715554858,4.53376304410157,0,16.7987987987988
-34.8588218358058,4.60881136889813,0,16.8548548548549
-35.7927427232875,4.68495213005521,0,16.9109109109109
-36.7333979911353,4.76195198879742,0,16.966966966967
-37.680551412554,4.83957189340492,0,17.023023023023
-38.6339667607478,4.91756843474801,0,17.0790790790791
-39.5934078089213,4.99569508389865,0,17.1351351351351
-40.5586383302789,5.07370331556321,0,17.1911911911912
-41.5294220980251,5.15134362393219,0,17.2472472472472
-42.5055228853646,5.22836643963652,0,17.3033033033033
-43.4867044655016,5.30452295795158,0,17.3593593593594
-44.4727306116408,5.37956588931842,0,17.4154154154154
-45.4633650969865,5.45325014377307,0,17.4714714714715
-46.4583716947432,5.52533346109768,0,17.5275275275275
-47.4575141781157,5.59557699852604,0,17.5835835835836
-48.4605563203081,5.66374588773543,0,17.6396396396396
-49.4672618945251,5.72960977270633,0,17.6956956956957
-50.4773946739711,5.79294333988937,0,17.7517517517518
-51.4907184318506,5.85352685203591,0,17.8078078078078
-52.5069969413681,5.91114669706306,0,17.8638638638639
-53.5259939757281,5.96559596347243,0,17.9199199199199
-54.5474733081352,6.0166750541535,0,17.975975975976
-55.5711987117936,6.06419235090464,0,18.032032032032
-56.596933959908,6.10796494272458,0,18.0880880880881
-57.6244428256828,6.14781943188933,0,18.1441441441441
-58.6534890823226,6.18359283306192,0,18.2002002002002
-59.6838365030318,6.21513358221253,0,18.2562562562563
-60.7152488610148,6.24230267398324,0,18.3123123123123
-61.7474899294763,6.26497494834608,0,18.3683683683684
-62.7803234816206,6.2830405500022,0,18.4244244244244
-63.8135132906523,6.29640658698162,0,18.4804804804805
-64.8468231297759,6.30499901834263,0,18.5365365365365
-65.8800167721957,6.30876480474215,0,18.5925925925926
-66.9128379237113,6.30768972802398,0,18.6486486486486
-67.94477644636,6.30197719343815,0,18.7047047047047
-68.9751481091931,6.29197885070895,0,18.7607607607608
-70.0032652785802,6.27805996690283,0,18.8168168168168
-71.0284403208905,6.26059562952166,0,18.8728728728729
-72.0499856024938,6.23996958586202,0,18.9289289289289
-73.0672134897592,6.21657305132921,0,18.984984984985
-74.0794363490565,6.19080345511195,0,19.041041041041
-75.0859665467551,6.16306309396934,0,19.0970970970971
-76.0861164492242,6.13375766737547,0,19.1531531531532
-77.0791984228337,6.1032946701653,0,19.2092092092092
-78.0645248339527,6.07208162237176,0,19.2652652652653
-79.0414080489509,6.04052412035875,0,19.3213213213213
-80.0091604341978,6.00902369882632,0,19.3773773773774
-80.9670943560625,5.97797549992105,0,19.4334334334334
-81.9145221809149,5.94776575358021,0,19.4894894894895
-82.8507562751244,5.91876908231946,0,19.5455455455455
-83.7751090050602,5.89134565375815,0,19.6016016016016
-84.6868927370921,5.86583821493679,0,19.6576576576577
-85.5854198375893,5.84256905343261,0,19.7137137137137
-86.4700026729215,5.82183694079327,0,19.7697697697698
-87.339953609458,5.80391412313988,0,19.8258258258258
-88.1945850135684,5.78904343112986,0,19.8818818818819
-89.033209251622,5.77743558602004,0,19.9379379379379
-89.8551386899885,5.76926677963368,0,19.993993993994
-90.6596856950372,5.76467660311053,0,20.0500500500501
-91.4461626331376,5.76376639219027,0,20.1061061061061
-92.2138818706592,5.76659804557281,0,20.1621621621622
-92.9621557739715,5.7731933581151,0,20.2182182182182
-93.6902967094439,5.7835338931086,0,20.2742742742743
-94.3976170434459,5.79756139876266,0,20.3303303303303
-95.0834291423471,5.81517875458951,0,20.3863863863864
-95.7470453725167,5.83625141497283,0,20.4424424424424
-96.3877781003244,5.86060930102163,0,20.4984984984985
-97.0049396921395,5.88804907884761,0,20.5545545545546
-97.5978425143317,5.91833675332058,0,20.6106106106106
-98.1657989332703,5.95121050144878,0,20.6666666666667
-98.7081213153248,5.98638366873541,0,20.7227227227227
-99.2241220268647,6.02354785480195,0,20.7787787787788
-99.7131134342594,6.06237602062944,0,20.8348348348348
-100.174407903878,6.10252555819511,0,20.8908908908909
-100.607317802091,6.1436412732663,0,20.9469469469469
-101.011155495267,6.18535824288304,0,21.003003003003
-101.385233349776,6.22730451993274,0,21.0590590590591
-101.728863731987,6.26910366764796,0,21.1151151151151
-102.04135900827,6.31037711644385,0,21.1711711711712
-102.322031544994,6.35074634400667,0,21.2272272272272
-102.570193708528,6.389834886839,0,21.2832832832833
-102.785157865243,6.42727019755936,0,21.3393393393393
-102.966236381507,6.46268536723539,0,21.3953953953954
-103.11274162369,6.49572073605,0,21.4514514514515
-103.223985958162,6.52602541885152,0,21.5075075075075
-103.299281751292,6.55325877483528,0,21.5635635635636
-103.337941369449,6.57709185296662,0,21.6196196196196
-103.339277179003,6.59720884700797,0,21.6756756756757
-103.302601546323,6.61330859637127,0,21.7317317317317
-103.227226837779,6.62510617169422,0,21.7877877877878
-103.112465419741,6.63233458723992,0,21.8438438438438
-102.95767579306,6.63476025826064,0,21.8998998998999
-102.762899570583,6.63237249743797,0,21.955955955956
-102.528700569592,6.62533700114312,0,22.012012012012
-102.255655830763,6.6138442111862,0,22.0680680680681
-101.944342394771,6.59810312715298,0,22.1241241241241
-101.595337302295,6.57833924738867,0,22.1801801801802
-101.209217594009,6.55479270877107,0,22.2362362362362
-100.78656031059,6.52771658508482,0,22.2922922922923
-100.327942492715,6.4973753080936,0,22.3483483483483
-99.8339411810592,6.46404317905529,0,22.4044044044044
-99.3051334162993,6.4280029415613,0,22.4604604604605
-98.7420962391116,6.38954438932974,0,22.5165165165165
-98.1454066901724,6.34896298506732,0,22.5725725725726
-97.5156418101577,6.3065584688585,0,22.6286286286286
-96.8533786397442,6.26263343686213,0,22.6846846846847
-96.1591942196078,6.21749187351202,0,22.7407407407407
-95.433665590425,6.17143762303944,0,22.7967967967968
-94.6773697928721,6.12477278906156,0,22.8528528528529
-93.8908838676252,6.07779605429765,0,22.9089089089089
-93.0747848553608,6.03080091624781,0,22.964964964965
-92.2296497967549,5.98407383893103,0,23.021021021021
-91.356055732484,5.93789232552841,0,23.0770770770771
-90.4545797032243,5.8925229219609,0,23.1331331331331
-89.5257987496521,5.84821916694536,0,23.1891891891892
-88.5702899124436,5.80521950975413,0,23.2452452452452
-87.5886302322751,5.76374522252776,0,23.3013013013013
-86.5813967498229,5.72399833928216,0,23.3573573573574
-85.5491665057635,5.68615965839122,0,23.4134134134134
-84.4925165407727,5.65038684897376,0,23.4694694694695
-83.4120238955272,5.61681270393656,0,23.5255255255255
-82.308265610703,5.58554358312522,0,23.5815815815816
-81.1818187269765,5.5566580888896,0,23.6376376376376
-80.033260285024,5.53020601326091,0,23.6936936936937
-78.8631673255217,5.50620759087738,0,23.7497497497497
-77.672116889146,5.48465308494254,0,23.8058058058058
-76.460686016573,5.46550272516307,0,23.8618618618619
-75.2294517484791,5.44868700722654,0,23.9179179179179
-73.9789911255406,5.43410735348026,0,23.973973973974
-72.7098811884337,5.42163712465026,0,24.03003003003
-71.4226989778346,5.41112296328727,0,24.0860860860861
-70.1180215344198,5.4023864416867,0,24.1421421421421
-68.7964258988653,5.39522598075127,0,24.1981981981982
-67.4584891118477,5.38941900196485,0,24.2542542542543
-66.104788214043,5.3847242724967,0,24.3103103103103
-64.7359002461276,5.38088440347761,0,24.3663663663664
-63.3524022487778,5.37762846357308,0,24.4224224224224
-61.9548712626697,5.37467467390478,0,24.4784784784785
-60.5438843284798,5.37173315584892,0,24.5345345345345
-59.1200184868843,5.36850870994485,0,24.5905905905906
-57.6838507785594,5.36470361175395,0,24.6466466466466
-56.2359582441815,5.36002041872471,0,24.7027027027027
-54.7769179244267,5.35416479070614,0,24.7587587587588
-53.3073068599716,5.3468483355378,0,24.8148148148148
-51.827702091492,5.33779150003338,0,24.8708708708709
-50.3386806596646,5.32672653564561,0,24.9269269269269
-48.8408196051655,5.31340057719337,0,24.982982982983
-47.334695968671,5.29757888234563,0,25.039039039039
-45.8208867908574,5.27904828921895,0,25.0950950950951
-44.2999680369709,5.25763021875701,0,25.1511511511512
-42.7724968520531,5.2333378318015,0,25.2072072072072
-41.2390143572116,5.20635534879755,0,25.2632632632633
-39.7000611619167,5.17690310919465,0,25.3193193193193
-38.1561778756397,5.14523055748472,0,25.3753753753754
-36.607905107851,5.11161380303439,0,25.4314314314314
-35.0557834680217,5.07635330174084,0,25.4874874874875
-33.5003535656226,5.03977159608299,0,25.5435435435435
-31.9421560101243,5.00221105073226,0,25.5995995995996
-30.3817314109979,4.96403152191909,0,25.6556556556557
-28.8196203777142,4.92560790060802,0,25.7117117117117
-27.2563635197438,4.88732747270622,0,25.7677677677678
-25.6925014465577,4.84958704458844,0,25.8238238238238
-24.1285747676267,4.81278978977505,0,25.8798798798799
-22.5651240924216,4.77734178323384,0,25.9359359359359
-21.0026900304133,4.74364820396551,0,25.991991991992
-19.4418131910725,4.71210920453476,0,26.048048048048
-17.8830341838701,4.68311546793792,0,26.1041041041041
-16.3268936182769,4.65704349710943,0,26.1601601601602
-14.7739321037637,4.634250709358,0,26.2162162162162
-13.2246902498014,4.61507043538973,0,26.2722722722723
-11.6797086658607,4.59980694807248,0,26.3283283283283
-10.1395279614127,4.58873066709252,0,26.3843843843844
-8.60468874592782,4.58207369941901,0,26.4404404404404
-7.07573162887713,4.58002587957034,0,26.4964964964965
-5.55319721973152,4.58273146632164,0,26.5525525525526
-4.03762612796161,4.59028663305322,0,26.6086086086086
-2.52955896303842,4.60273785812509,0,26.6646646646647
-1.02953633443257,4.62008128160068,0,26.7207207207207
0.461901148384982,4.64226304868864,0,26.7767767767768
1.94421287594335,4.66918061258689,0,26.8328328328328
3.4168582387719,4.70068492438177,0,26.8888888888889
4.87929662739961,4.73658339926071,0,26.9449449449449
6.33098743235584,4.77664351958146,0,27.001001001001
7.77139004416969,4.82059691805134,0,27.0570570570571
9.19996385337021,4.8681437787483,0,27.1131131131131
10.6161682504868,4.91895739902293,0,27.1691691691692
12.0194626260484,4.97268876954362,0,27.2252252252252
13.4093063705844,5.02897105039906,0,27.2812812812813
14.785158874624,5.08742384559976,0,27.3373373373373
16.146479528696,5.14765720405018,0,27.3933933933934
17.4927277233301,5.20927530003885,0,27.4494494494494
18.823362849055,5.27187976900491,0,27.5055055055055
20.1378442964002,5.33507269383729,0,27.5615615615616
21.4356314558948,5.39845925281167,0,27.6176176176176
22.7161837180678,5.46165005244704,0,27.6736736736737
23.9789604734487,5.52426317733982,0,27.7297297297297
25.2234211125664,5.58592599486773,0,27.7857857857858
26.4490250259501,5.64627675609649,0,27.8418418418418
27.6552316041292,5.70496603583435,0,27.8978978978979
28.8415002376326,5.76165805509907,0,27.953953953954
30.0072903169897,5.81603192876098,0,28.01001001001
31.1520612327295,5.86778288020517,0,28.0660660660661
32.2752723753812,5.91662346383766,0,28.1221221221221
33.3763831354741,5.96228483539554,0,28.1781781781782
34.4548529035373,6.0045181094966,0,28.2342342342342
35.5101410701,6.04309584381025,0,28.2902902902903
36.5417070256913,6.07781368973254,0,28.3463463463463
37.54902867095,6.10850016361453,0,28.4024024024024
38.5319712434152,6.13517540511267,0,28.4584584584585
39.4907671161884,6.15803925554413,0,28.5145145145145
40.4256631285786,6.17731678363156,0,28.5705705705706
41.3369061198947,6.19324953474713,0,28.6266266266266
42.2247429294459,6.20609321468234,0,28.6826826826827
43.0894203965412,6.2161155488963,0,28.7387387387387
43.9311853604894,6.22359427206251,0,28.7947947947948
44.7502846605999,6.22881520945424,0,28.8508508508509
45.5469651361815,6.23207041769735,0,28.9069069069069
46.3214736265433,6.23365635788488,0,28.962962962963
47.0740569709943,6.23387207917015,0,29.019019019019
47.8049620088435,6.23301739587848,0,29.0750750750751
48.5144355794001,6.23139104601514,0,29.1311311311311
49.2027245219729,6.22928882387146,0,29.1871871871872
49.8700756758711,6.22700168427947,0,29.2432432432432
50.5167358804037,6.22481382093186,0,29.2992992992993
51.1429519748796,6.22300072602175,0,29.3553553553554
51.748970798608,6.22182724317821,0,29.4114114114114
52.3350391908979,6.22154563015263,0,29.4674674674675
52.9014039910582,6.22239365179094,0,29.5235235235235
53.4483120383982,6.22459272732973,0,29.5795795795796
53.9760101722266,6.22834615879142,0,29.6356356356356
54.4847452318527,6.23383746904832,0,29.6916916916917
54.9747640565854,6.2412288788196,0,29.7477477477477
55.4463134857337,6.25065995135142,0,29.8038038038038
55.8996403586068,6.26224643175224,0,29.8598598598599
56.3349915145136,6.27607930493458,0,29.9159159159159
56.7526137927631,6.29222409194431,0,29.971971971972
57.1527540326644,6.31072039931293,0,30.028028028028
57.5356590735265,6.33158173018655,0,30.0840840840841
57.9015757546585,6.35479555966041,0,30.1401401401401
58.2507509153693,6.38032367030455,0,30.1961961961962
58.5834313949681,6.40810273763344,0,30.2522522522523
58.8998640327638,6.43804514956291,0,30.3083083083083
59.2002956680655,6.47004003897996,0,30.3643643643644
59.4849731401822,6.50395450463348,0,30.4204204204204
59.7541432884229,6.5396349927723,0,30.4764764764765
60.0080529520967,6.57690881037115,0,30.5325325325325
60.2469489705126,6.61558574037722,0,30.5885885885886
60.4710781829797,6.65545973010163,0,30.6446446446446
60.6806874288068,6.69631062553609,0,30.7007007007007
60.8760235473033,6.73790592682815,0,30.7567567567568
61.0573333777779,6.78000254321066,0,30.8128128128128
61.2248637595398,6.8223485291625,0,30.8688688688689
61.378861531898,6.86468478729734,0,30.9249249249249
61.5195735341615,6.90674672727701,0,30.980980980981
61.6472466056394,6.94826587379233,0,31.037037037037
61.7621275856406,6.98897142024776,0,31.0930930930931
61.8644633134743,7.02859172815575,0,31.1491491491491
61.9545006284494,7.06685577535445,0,31.2052052052052
62.032486369875,7.10349455899556,0,31.2612612612613
62.0986673770602,7.138242461818,0,31.3173173173173
62.1532904893138,7.17083859255836,0,31.3733733733734
62.1966025459451,7.20102811349291,0,31.4294294294294
62.2288503862629,7.22856357011427,0,31.4854854854855
62.2502808495764,7.25320623987793,0,31.5415415415415
62.2611407751946,7.27472751887677,0,31.5975975975976
62.2616757776031,7.29291529794811,0,31.6536536536537
62.2521003866919,7.30769631738217,0,31.7097097097097
62.2325963373505,7.31914649423051,0,31.7657657657658
62.2033437972564,7.32736510355716,0,31.8218218218218
62.164522934087,7.33246674708631,0,31.8778778778779
62.1163139155198,7.33457975580111,0,31.9339339339339
62.0588969092323,7.33384472982084,0,31.98998998999
61.9924520829018,7.33041319419187,0,32.046046046046
61.9171596042059,7.32444635134832,0,32.1021021021021
61.833199640822,7.31611391293703,0,32.1581581581582
61.7407523604276,7.30559299547742,0,32.2142142142142
61.6399979307001,7.29306706596188,0,32.2702702702703
61.531116519317,7.27872492502356,0,32.3263263263263
61.4142882939557,7.26275971673201,0,32.3823823823824
61.2896934222937,7.24536795545147,0,32.4384384384384
61.1575120720085,7.22674856153644,0,32.4944944944945
61.0179244107775,7.20710189896823,0,32.5505505505506
60.8711106062781,7.18662880937528,0,32.6066066066066
60.7172508261879,7.16552963824462,0,32.6626626626627
60.5565252381843,7.14400325053298,0,32.7187187187187
60.3891140099447,7.12224603433,0,32.7747747747748
60.2151973091466,7.10045089270934,0,32.8308308308308
60.0349553034676,7.07880622541975,0,32.8868868868869
59.8485681605848,7.05749490359815,0,32.9429429429429
59.656216048176,7.03669324220846,0,32.998998998999
59.4580791339185,7.01656997638868,0,33.055055055055
59.2543375854898,6.99728524928773,0,33.1111111111111
59.0451715705673,6.97898962024656,0,33.1671671671672
58.8307612568286,6.96182310327825,0,33.2232232232232
58.611286811951,6.94591424668,0,33.2792792792793
58.386928403612,6.93137926521847,0,33.3353353353353
58.157866199489,6.91832123662872,0,33.3913913913914
57.9242803672597,6.90682937412138,0,33.4474474474474
57.6863510746013,6.89697838618309,0,33.5035035035035
57.4442584891913,6.88882793417479,0,33.5595595595596
57.1981827787073,6.88242219709097,0,33.6156156156156
56.9483041108266,6.87778955136902,0,33.6716716716717
56.6948026532268,6.87494237187574,0,33.7277277277277
56.4378585735852,6.87387695820867,0,33.7837837837838
56.1776520395793,6.87457358830639,0,33.8398398398398
55.9143632188866,6.87699669914698,0,33.8958958958959
55.6481722791846,6.88109519211395,0,33.951951951952
55.3792593881507,6.88680285851012,0,34.008008008008
55.1078047134624,6.89403891878298,0,34.0640640640641
54.8339884227971,6.90270866736044,0,34.1201201201201
54.5579906838322,6.91270421364031,0,34.1761761761762
54.2799916642453,6.92390530867088,0,34.2322322322322
54.0001715317138,6.93618024642789,0,34.2882882882883
53.7187104539152,6.94938682833922,0,34.3443443443443
53.4357885985268,6.96337337982408,0,34.4004004004004
53.1515861332262,6.97797980807283,0,34.4564564564565
52.8662832256908,6.99303869106224,0,34.5125125125125
52.5800600435981,7.00837638883499,0,34.5685685685686
52.2930967546256,7.02381416932419,0,34.6246246246246
52.0055735264506,7.0391693424252,0,34.6806806806807
51.7176705267507,7.05425639755991,0,34.7367367367367
51.4295679232033,7.06888814160163,0,34.7927927927928
51.1414458834859,7.08287683569276,0,34.8488488488488
50.853482372473,7.09603691823571,0,34.9049049049049
50.5657863654754,7.10823556816869,0,34.960960960961
50.2783858091585,7.1194081975844,0,35.017017017017
49.9913040200237,7.12950573367064,0,35.0730730730731
49.7045643145723,7.13849039918533,0,35.1291291291291
49.4181900093056,7.14633479669293,0,35.1851851851852
49.1322044207249,7.15302104356152,0,35.2412412412412
48.8466308653317,7.15853995578474,0,35.2972972972973
48.5614926596271,7.162890278331,0,35.3533533533534
48.2768131201127,7.1660779594924,0,35.4094094094094
47.9926155632896,7.16811546658108,0,35.4654654654655
47.7089233056592,7.16902114027968,0,35.5215215215215
47.4257596637229,7.16881858497586,0,35.5775775775776
47.143147953982,7.16753609248449,0,35.6336336336336
46.8611114929379,7.16520609667233,0,35.6896896896897
46.5796735970918,7.16186465663892,0,35.7457457457457
46.2988575829451,7.15755096626673,0,35.8018018018018
46.0186867669991,7.15230688812649,0,35.8578578578579
45.7391844657552,7.14617650990526,0,35.9139139139139
45.4603739957147,7.13920572171149,0,35.96996996997
45.1822786733789,7.1314418127998,0,36.026026026026
44.9049218152492,7.12293308644567,0,36.0820820820821
44.6283267378269,7.1137284918856,0,36.1381381381381
44.3525167576134,7.10387727241842,0,36.1941941941942
44.0775151911099,7.09342862893881,0,36.2502502502502
43.8033453548178,7.08243139834166,0,36.3063063063063
43.5300305652385,7.07093374639608,0,36.3623623623624
43.2575941388733,7.05898287483867,0,36.4184184184184
42.9860593922234,7.04662474257682,0,36.4744744744745
42.7154496417903,7.03390380102331,0,36.5305305305305
42.4457882040753,7.02086274370221,0,36.5865865865866
42.1770983955797,7.00754227037307,0,36.6426426426426
41.9094035328048,6.99398086601393,0,36.6986986986987
41.642726932252,6.98021459508483,0,36.7547547547548
41.3770919104227,6.96627691155973,0,36.8108108108108
41.1125217838181,6.95219848526805,0,36.8668668668669
40.8490398689395,6.93800704512573,0,36.9229229229229
40.5866694822884,6.92372723986043,0,36.978978978979
40.3254339403661,6.90938051684686,0,37.035035035035
40.0653565596738,6.89498501966665,0,37.0910910910911
39.806460656713,6.88055550499312,0,37.1471471471471
39.5487695479849,6.86610327937645,0,37.2032032032032
39.2923065499908,6.85163615647009,0,37.2592592592593
39.0370949792323,6.83715843519661,0,37.3153153153153
38.7831581522104,6.82267089930188,0,37.3713713713714
38.5305193854267,6.80817083869339,0,37.4274274274274
38.2792019953824,6.79365209290244,0,37.4834834834835
38.0292292985789,6.77910511695529,0,37.5395395395395
37.7806246115174,6.7645170698845,0,37.5955955955956
37.5334112506994,6.74987192606456,0,37.6516516516517
37.2876125326262,6.73515060951459,0,37.7077077077077
37.043251773799,6.72033115127999,0,37.7637637637638
36.8003522907194,6.70538886998591,0,37.8198198198198
36.5589373998884,6.69029657564963,0,37.8758758758759
36.3190304178075,6.67502479685001,0,37.9319319319319
36.0806546609782,6.65954203137976,0,37.987987987988
35.8438334459015,6.64381502055356,0,38.044044044044
35.608590089079,6.62780904741194,0,38.1001001001001
35.374947585256,6.61148850041022,0,38.1561561561562
35.1429162227342,6.59482698742766,0,38.2122122122122
34.9124896681173,6.57781295054823,0,38.2682682682683
34.6836604654501,6.56043918405217,0,38.3243243243243
34.4564211587775,6.54270180722267,0,38.3803803803804
34.2307642921444,6.52460004447773,0,38.4364364364364
34.0066824095956,6.50613601183594,0,38.4924924924925
33.7841680551761,6.48731450960124,0,38.5485485485485
33.5632137729307,6.46814282111443,0,38.6046046046046
33.3438121069042,6.4486305173921,0,38.6606606606607
33.1259556011416,6.42878926745508,0,38.7167167167167
32.9096367996878,6.40863265413817,0,38.7727727727728
32.6948482465876,6.38817599516856,0,38.8288288288288
32.4815824858858,6.36743616930324,0,38.8848848848849
32.2698320616274,6.34643144732229,0,38.9409409409409
32.0595895178572,6.32518132768777,0,38.996996996997
31.8508473986201,6.30370637669323,0,39.0530530530531
31.643598247961,6.28202807294874,0,39.1091091091091
31.4378346099248,6.26016865606835,0,39.1651651651652
31.2335490285562,6.23815097945173,0,39.2212212212212
31.0307340479003,6.21599836707863,0,39.2772772772773
30.8293822120019,6.19373447426277,0,39.3333333333333
30.6294860649058,6.17138315234198,0,39.3893893893894
30.4310381506569,6.14896831731094,0,39.4454454454454
30.2340310133001,6.12651382243468,0,39.5015015015015
30.0384571968803,6.10404333491098,0,39.5575575575576
29.8443092454423,6.0815802166813,0,39.6136136136136
29.6515797030311,6.0591474095194,0,39.6696696696697
29.4602611136914,6.03676732455615,0,39.7257257257257
29.2703460214682,6.01446173642674,0,39.7817817817818
29.0818269704064,5.9922516822527,0,39.8378378378378
28.8946965045507,5.97015736569537,0,39.8938938938939
28.7089471679462,5.94819806633925,0,39.9499499499499
28.5245715046376,5.9263920546833,0,40.006006006006
28.3415620586699,5.90475651303479,0,40.0620620620621
28.1599113740878,5.8833074626139,0,40.1181181181181
27.9796119949364,5.8620596971878,0,40.1741741741742
27.8006564652604,5.84102672356014,0,40.2302302302302
27.6230373291048,5.82022070924568,0,40.2862862862863
27.4467471305144,5.7996524376602,0,40.3423423423423
27.271778413534,5.77933127115288,0,40.3983983983984
27.0981237222087,5.75926512220231,0,40.4544544544545
26.9257756005831,5.73946043308808,0,40.5105105105105
26.7547265927023,5.71992216433769,0,40.5665665665666
26.584969242611,5.70065379223433,0,40.6226226226226
26.4164960943542,5.68165731565412,0,40.6786786786787
26.2492996919768,5.6629332724831,0,40.7347347347347
26.0833725795235,5.64448076584478,0,40.7907907907908
25.9187073010393,5.62629750034826,0,40.8468468468468
25.7552964005691,5.60837982854677,0,40.9029029029029
25.5931324221577,5.59072280777578,0,40.958958958959
25.43220790985,5.57332026752069,0,41.015015015015
25.2725154076909,5.55616488744611,0,41.0710710710711
25.1140474597253,5.53924828620258,0,41.1271271271271
24.9567966099979,5.52256112111341,0,41.1831831831832
24.8007554025538,5.50609319883311,0,41.2392392392392
24.6459163814377,5.48983359706211,0,41.2952952952953
24.4922720906946,5.47377079739799,0,41.3513513513514
24.3398150963899,5.4578928755986,0,41.4074074074074
24.1885390912409,5.44219014933828,0,41.4634634634635
24.0384394107277,5.42665732720256,0,41.5195195195195
23.8895115201977,5.41129081495842,0,41.5755755755756
23.7417508849982,5.39608835982176,0,41.6316316316316
23.5951529704767,5.38104894845777,0,41.6876876876877
23.4497132419805,5.36617270633231,0,41.7437437437437
23.3054271648571,5.35146079851424,0,41.7997997997998
23.1622902044537,5.33691533202062,0,41.8558558558559
23.0202978261178,5.32253925979117,0,41.9119119119119
22.8794454951968,5.30833628637411,0,41.967967967968
22.7397286770381,5.29431077540425,0,42.024024024024
22.601142836989,5.28046765895328,0,42.0800800800801
22.4636834403969,5.26681234883352,0,42.1361361361361
22.3273459526092,5.25335064993839,0,42.1921921921922
22.1921258389734,5.24008867570607,0,42.2482482482482
22.0580185648367,5.22703276579619,0,42.3043043043043
21.9250195955466,5.21418940607414,0,42.3603603603604
21.7931243964504,5.20156515100163,0,42.4164164164164
21.6623284328955,5.18916654853702,0,42.4724724724725
21.5326271702294,5.17700006765331,0,42.5285285285285
21.4040160737993,5.1650720285859,0,42.5845845845846
21.2764906089528,5.15338853592622,0,42.6406406406406
21.1500462410371,5.14195541468015,0,42.6966966966967
21.0246784353996,5.13077814941309,0,42.7527527527528
20.9003826573878,5.11986182660469,0,42.8088088088088
20.777154372349,5.10921108033751,0,42.8648648648649
20.6549890456307,5.09883004144293,0,42.9209209209209
20.5338821425801,5.08872229022677,0,42.976976976977
20.4138291285446,5.0788908128941,0,43.033033033033
20.2948254688718,5.06933796178947,0,43.0890890890891
20.1768666289089,5.06006541956358,0,43.1451451451451
20.0599480740033,5.05107416737174,0,43.2012012012012
19.9440652695024,5.04236445720254,0,43.2572572572573
19.8292136807536,5.03393578842709,0,43.3133133133133
19.7153887731043,5.0257868886505,0,43.3693693693694
19.6025860119019,5.01791569893757,0,43.4254254254254
19.4908008624937,5.01031936347481,0,43.4814814814815
19.3800287902271,5.00299422371977,0,43.5375375375375
19.2702652604496,4.99593581707823,0,43.5935935935936
19.1615057385084,4.98913888013825,0,43.6496496496496
19.053745689751,4.98259735647934,0,43.7057057057057
18.9469805795249,4.97630440906403,0,43.7617617617618
18.8412058731772,4.97025243720875,0,43.8178178178178
18.7364170360555,4.96443309812116,0,43.8738738738739
18.6326095335071,4.95883733298186,0,43.9299299299299
18.5297788308795,4.95345539754058,0,43.985985985986
18.4279203935199,4.94827689718951,0,44.042042042042
18.3270296867758,4.94329082647102,0,44.0980980980981
18.2271021759945,4.93848561297228,0,44.1541541541542
18.1281333265235,4.93384916555634,0,44.2102102102102
18.0301186037101,4.92936892687773,0,44.2662662662663
17.9330534729017,4.92503193013071,0,44.3223223223223
17.8369333994458,4.92082485997982,0,44.3783783783784
17.7417538486896,4.91673411762581,0,44.4344344344344
17.6475102859806,4.91274588996491,0,44.4904904904905
17.5541981766661,4.90884622280546,0,44.5465465465465
17.4618129860935,4.90502109811423,0,44.6026026026026
17.3703501764151,4.90125655634281,0,44.6586586586587
17.2798049904866,4.89754162762051,0,44.7147147147147
17.1901723143683,4.89387055916613,0,44.7707707707708
17.1014470013662,4.8902388562872,0,44.8268268268268
17.0136239047861,4.88664280691564,0,44.8828828828829
16.9266978779341,4.88307941829275,0,44.9389389389389
16.8406637741161,4.87954635533407,0,44.994994994995
16.755516446638,4.87604188070708,0,45.051051051051
16.6712507488057,4.87256479664925,0,45.1071071071071
16.5878615339252,4.86911438855007,0,45.1631631631632
16.5053436553024,4.86569037031726,0,45.2192192192192
16.4236919662433,4.86229283154504,0,45.2752752752753
16.3429013200539,4.85892218650038,0,45.3313313313313
16.2629665700399,4.85557912494193,0,45.3873873873874
16.1838825695075,4.85226456478549,0,45.4434434434434
16.1056441717625,4.84897960662941,0,45.4994994994995
16.0282462301109,4.84572549015299,0,45.5555555555556
15.9516835978586,4.84250355240134,0,45.6116116116116
15.8759511283115,4.8393151879699,0,45.6676676676677
15.8010436747757,4.83616181110233,0,45.7237237237237
15.7269560905569,4.83304481971573,0,45.7797797797798
15.6536832289613,4.82996556136749,0,45.8358358358358
15.5812199432947,4.82692530117814,0,45.8918918918919
15.509561086863,4.82392519172495,0,45.9479479479479
15.4387015129722,4.82096624492097,0,46.004004004004
15.3686360749283,4.81804930589409,0,46.0600600600601
15.2993596260371,4.81517502888072,0,46.1161161161161
15.2308670196047,4.81234385514806,0,46.1721721721722
15.1631531089369,4.80955599295869,0,46.2282282282282
15.0962127473397,4.80681139959039,0,46.2842842842843
15.0300407881191,4.80410976542347,0,46.3403403403403
14.9646320845809,4.80145050010689,0,46.3963963963964
14.8999814900312,4.79883272081346,0,46.4524524524525
14.8360838577758,4.79625524259332,0,46.5085085085085
14.7729340411208,4.79371657083365,0,46.5645645645646
14.710526893372,4.79121489583144,0,46.6206206206206
14.6488572678353,4.78874808948474,0,46.6766766766767
14.5879200178168,4.78631370410663,0,46.7327327327327
14.5277099966224,4.78390897336494,0,46.7887887887888
14.4682220575579,4.78153081534956,0,46.8448448448448
14.4094510539294,4.77917583776803,0,46.9009009009009
14.3513918390428,4.77684034526938,0,46.956956956957
14.294039266204,4.77452034889504,0,47.013013013013
14.237388188719,4.77221157765544,0,47.0690690690691
14.1814334598937,4.76990949223018,0,47.1251251251251
14.1261699330341,4.76760930078968,0,47.1811811811812
14.071592461446,4.76530597693619,0,47.2372372372372
14.0176958984355,4.76299427976257,0,47.2932932932933
13.9644750973084,4.76066877602773,0,47.3493493493493
13.9119249113708,4.75832386444868,0,47.4054054054054
13.8600401939285,4.75595380211055,0,47.4614614614615
13.8088157982874,4.75355273299724,0,47.5175175175175
13.7582465777537,4.75111471864779,0,47.5735735735736
13.7083273856331,4.74863377094518,0,47.6296296296296
13.6590530752316,4.7461038870476,0,47.6856856856857
13.6104184998551,4.74351908647428,0,47.7417417417417
13.5624185128097,4.7408734503619,0,47.7977977977978
13.5150479674012,4.73816116291039,0,47.8538538538539
13.4683017144703,4.73537657980404,0,47.9099099099099
13.4221743672594,4.73251666318822,0,47.965965965966
13.3766601070645,4.7295831378284,0,48.022022022022
13.3317530694371,4.72657870204458,0,48.0780780780781
13.2874473899291,4.72350653486655,0,48.1341341341341
13.2437372040922,4.72037025825048,0,48.1901901901902
13.200616647478,4.71717390046233,0,48.2462462462462
13.1580798556384,4.71392186061158,0,48.3023023023023
13.116120964125,4.71061887431901,0,48.3583583583584
13.0747341084895,4.70726998050372,0,48.4144144144144
13.0339134242839,4.70388048927555,0,48.4704704704705
12.9936530470596,4.70045595092074,0,48.5265265265265
12.9539471123685,4.69700212597021,0,48.5825825825826
12.9147897557624,4.69352495634145,0,48.6386386386386
12.8761751127929,4.69003053754709,0,48.6946946946947
12.8380973190117,4.68652509196485,0,48.7507507507507
12.8005505099707,4.68301494316567,0,48.8068068068068
12.7635288212215,4.67950649129846,0,48.8628628628629
12.7270263883158,4.67600618953213,0,48.9189189189189
12.6910373468055,4.67252052155698,0,48.974974974975
12.6555558322422,4.66905598014966,0,49.031031031031
12.6205759801776,4.66561904680725,0,49.0870870870871
12.5860919261635,4.66221617245789,0,49.1431431431431
12.5520978057517,4.65885375925652,0,49.1991991991992
12.5185877544938,4.65553814347587,0,49.2552552552553
12.4855559079416,4.65227557950388,0,49.3113113113113
12.4529964016468,4.64907222495984,0,49.3673673673674
12.4209033711611,4.64593412694227,0,49.4234234234234
12.3892709520364,4.64286720942256,0,49.4794794794795
12.3580932798242,4.63987726179861,0,49.5355355355355
12.3273644900764,4.6369699286232,0,49.5915915915916
12.2970787183446,4.63415070052231,0,49.6476476476476
12.2672301001806,4.63142490631803,0,49.7037037037037
12.2378127711362,4.62879770637132,0,49.7597597597598
12.2088208667631,4.62627408715881,0,49.8158158158158
12.1802485226129,4.62385885709814,0,49.8718718718719
12.1520898742375,4.621556643635,0,49.9279279279279
12.1243390571885,4.61937189160492,0,49.983983983984
12.0969902070177,4.61730886288139,0,50.04004004004
12.0700374592769,4.61537163732136,0,50.0960960960961
12.0434749495176,4.61356411501765,0,50.1521521521522
12.0172968132918,4.6118900198667,0,50.2082082082082
11.9914971861511,4.61035290445871,0,50.2642642642643
11.9660702036472,4.60895615629591,0,50.3203203203203
11.9410100013319,4.60770300534277,0,50.3763763763764
11.9163107147569,4.60659653291084,0,50.4324324324324
11.891966479474,4.60563968187904,0,50.4884884884885
11.8679714310348,4.60483526824845,0,50.5445445445445
11.8443197049911,4.60418599402903,0,50.6006006006006
11.8210054368947,4.60369446145395,0,50.6566566566567
11.7980227622972,4.60336318851536,0,50.7127127127127
11.7753658167504,4.60319462581356,0,50.7687687687688
11.753028735806,4.60319117470994,0,50.8248248248248
11.7310056550158,4.60335520677189,0,50.8808808808809
11.7092907099315,4.60368908449624,0,50.9369369369369
11.6878780361048,4.60419518329596,0,50.992992992993
11.6667617690875,4.60487591473272,0,51.049049049049
11.6459360444312,4.60573375097611,0,51.1051051051051
11.625395003177,4.6067712581117,0,51.1611611611612
11.6051335769589,4.60799222804907,0,51.2172172172172
11.5851483060267,4.60940291634884,0,51.2732732732733
11.5654359260882,4.6110101142202,0,51.3293293293293
11.5459931728507,4.61282085030894,0,51.3853853853854
11.526816782022,4.614842361941,0,51.4414414414414
11.5079034893097,4.61708206698175,0,51.4974974974975
11.4892500304212,4.61954753632522,0,51.5535535535536
11.4708531410643,4.62224646702869,0,51.6096096096096
11.4527095569466,4.62518665610957,0,51.6656656656657
11.4348160137755,4.62837597502294,0,51.7217217217217
11.4171692472588,4.63182234483913,0,51.7777777777778
11.399765993104,4.63553371214218,0,51.8338338338338
11.3826029870188,4.63951802567111,0,51.8898898898899
11.3656769647106,4.64378321372681,0,51.9459459459459
11.3489846618872,4.64833716236827,0,52.002002002002
11.332522814256,4.65318769442252,0,52.0580580580581
11.3162881575248,4.6583425493331,0,52.1141141141141
11.300277427401,4.66380936387216,0,52.1701701701702
11.2844873595924,4.6695956537414,0,52.2262262262262
11.2689146898064,4.67570879608668,0,52.2822822822823
11.2535561537508,4.68215601295101,0,52.3383383383383
11.238408487133,4.68894435568969,0,52.3943943943944
11.2234684256607,4.69608069037064,0,52.4504504504504
11.2087327050415,4.70357168418182,0,52.5065065065065
11.194198060983,4.71142379286618,0,52.5625625625626
11.1798612291927,4.7196432492029,0,52.6186186186186
11.1657189453783,4.72823605255228,0,52.6746746746747
11.1517679452474,4.73720795947889,0,52.7307307307307
11.1380049645075,4.74656447546616,0,52.7867867867868
11.1244267388663,4.75631084773248,0,52.8428428428428
11.1110300040314,4.76645205915691,0,52.8988988988989
11.0978114957103,4.77699282331941,0,52.954954954955
11.0847679496106,4.78793758065819,0,53.011011011011
11.07189610144,4.7992904957434,0,53.0670670670671
11.0591926869061,4.8110554556638,0,53.1231231231231
11.0466544417164,4.82323606951991,0,53.1791791791792
11.0342781015785,4.83583566901418,0,53.2352352352352
11.0220604022001,4.84885731012562,0,53.2912912912913
11.0099980792886,4.86230377585361,0,53.3473473473473
10.9980878685519,4.87617758001246,0,53.4034034034034
10.9863265056973,4.89048097205578,0,53.4594594594595
10.9747107264326,4.90521594290674,0,53.5155155155155
10.9632372664652,4.92038423176802,0,53.5715715715716
10.9519028615029,4.93598733388255,0,53.6276276276276
10.9407042472532,4.95202650921427,0,53.6836836836837
10.9296381594237,4.96850279201564,0,53.7397397397397
10.918701333722,4.98541700124713,0,53.7957957957958
10.9078905058557,5.00276975181197,0,53.8518518518519
10.8972024115324,5.02056146656817,0,53.9079079079079
10.8866337864597,5.03879238907838,0,53.963963963964
10.8761813663452,5.05746259705731,0,54.02002002002
10.8658418868965,5.0765720164753,0,54.0760760760761
10.8556120838211,5.09612043627638,0,54.1321321321321
10.8454886928268,5.11610752366838,0,54.1881881881882
10.835468449621,5.13653283994258,0,54.2442442442442
10.8255480899114,5.15739585678048,0,54.3003003003003
10.8157243494055,5.178695973005,0,54.3563563563564
10.8059939660276,5.20043253359869,0,54.4124124124124
10.796354198914,5.2226052869116,0,54.4684684684685
10.7868034963596,5.24521498150431,0,54.5245245245245
10.777340471711,5.26826251365564,0,54.5805805805806
10.7679637383151,5.29174877365025,0,54.6366366366366
10.7586719095184,5.31567463049863,0,54.6926926926927
10.7494635986678,5.34004091754576,0,54.7487487487487
10.7403374191099,5.36484841896627,0,54.8048048048048
10.7312919841915,5.39009785714171,0,54.8608608608609
10.7223259072592,5.4157898809142,0,54.9169169169169
10.7134378016599,5.44192505470875,0,54.972972972973
10.7046262807401,5.46850384851494,0,55.029029029029
10.6958899578466,5.4955266287171,0,55.0850850850851
10.6872274463262,5.52299364976071,0,55.1411411411411
10.6786373595255,5.55090504664119,0,55.1971971971972
10.6701183107912,5.57926082819982,0,55.2532532532533
10.6616689134701,5.60806087121063,0,55.3093093093093
10.6532877809089,5.63730491524036,0,55.3653653653654
10.6449735264543,5.66699255826294,0,55.4214214214214
10.636724763453,5.69712325300867,0,55.4774774774775
10.6285401052517,5.72769630402752,0,55.5335335335335
10.6204181651971,5.75871086544489,0,55.5895895895896
10.612357556636,5.79016593938771,0,55.6456456456456
10.6043568929151,5.82206037505795,0,55.7017017017017
10.596414787381,5.85439286843,0,55.7577577577578
10.5885298533806,5.88716196254817,0,55.8138138138138
10.5807007042604,5.92036604839993,0,55.8698698698699
10.5729259533673,5.95400336634036,0,55.9259259259259
10.5652042140479,5.98807200804311,0,55.981981981982
10.5575340996489,6.02256991895312,0,56.038038038038
10.5499142235171,6.05749490121626,0,56.0940940940941
10.5423431989992,6.09284461706109,0,56.1501501501501
10.5348196394418,6.12861659260839,0,56.2062062062062
10.5273421581918,6.16480822208389,0,56.2622622622623
10.5199093685958,6.20141677241048,0,56.3183183183183
10.5125198840005,6.23843938815601,0,56.3743743743744
10.5051723177527,6.27587309681368,0,56.4304304304304
10.497865283199,6.31371481439225,0,56.4864864864865
10.4905973936862,6.35196135129399,0,56.5425425425425
10.483367262561,6.3906094184588,0,56.5985985985986
10.4761735031701,6.42965563375355,0,56.6546546546547
10.4690147288602,6.46909652858653,0,56.7107107107107
10.461889552978,6.5089285547275,0,56.7667667667668
10.4547965888703,6.54914809131433,0,56.8228228228228
10.4477344498837,6.58975145202853,0,56.8788788788789
10.440701749365,6.63073489242217,0,56.9349349349349
10.4336971006609,6.67209461737982,0,56.990990990991
10.4267191171181,6.71382678869978,0,57.047047047047
10.4197664120833,6.75592753277972,0,57.1031031031031
10.4128375989033,6.79839294839263,0,57.1591591591592
10.4059312909246,6.84121911453975,0,57.2152152152152
10.3990461014942,6.8844020983679,0,57.2712712712713
10.3921806439586,6.92793796313949,0,57.3273273273273
10.3853335316646,6.97182277624414,0,57.3833833833834
10.3785033779589,7.01605261724165,0,57.4394394394394
10.3716887961882,7.0606235859266,0,57.4954954954955
10.3648883996992,7.1055318104059,0,57.5515515515516
10.3581008018386,7.15077345518091,0,57.6076076076076
10.3513245000903,7.1963445529923,0,57.6636636636637
10.3445520284888,7.24223116793688,0,57.7197197197197
10.3377795568873,7.28842213519909,0,57.7757757757758
10.3310070852858,7.3349117048846,0,57.8318318318318
10.3242346136843,7.38169423524271,0,57.8878878878879
10.3174621420828,7.42876419152924,0,57.9439439439439
10.3106896704813,7.47611614480728,0,58
